,names,counts
0,Bacteria,15579
1,Eukaryota,8936
2,Firmicutes,8306
3,Metazoa,7317
4,Chordata,6080
5,Craniata,6061
6,Vertebrata,6061
7,Euteleostomi,6040
8,Bacilli,4441
9,Clostridia,3472
10,Clostridiales,3434
11,Lactobacillales,3375
12,Actinobacteria,3347
13,Lactobacillaceae,3228
14,Lacticaseibacillus,3193
15,Proteobacteria,3187
16,Mammalia,2785
17,Eutheria,2742
18,Gammaproteobacteria,2117
19,Peptostreptococcaceae,1650
20,Euarchontoglires,1574
21,Micrococcales,1525
22,Actinopterygii,1444
23,Neopterygii,1426
24,Teleostei,1415
25,Alveolata,1393
26,Apicomplexa,1365
27,Clostridiaceae,1259
28,Sar,1259
29,Clostridium,1202
30,Clostridioides,1099
31,Laurasiatheria,1072
32,Bacillales,1066
33,Microbacteriaceae,1050
34,Aconoidasida,1031
35,Archelosauria,981
36,Archosauria,910
37,Neoteleostei,880
38,Acanthomorphata,880
39,Dinosauria,877
40,Saurischia,877
41,Theropoda,877
42,Coelurosauria,877
43,Aves,877
44,Primates,839
45,Haplorrhini,795
46,Haemosporida,794
47,Plasmodiidae,794
48,Neognathae,793
49,Plasmodium,793
50,Bacillaceae,786
51,Ecdysozoa,785
52,Lepidosauria,770
53,Squamata,770
54,Bifurcata,770
55,Arthropoda,758
56,Catarrhini,732
57,Pseudomonadales,725
58,Pseudomonadaceae,713
59,Pseudomonas,713
60,Glires,711
61,Rodentia,683
62,Bacteroidetes,664
63,Gekkota,652
64,Enterobacterales,629
65,Alphaproteobacteria,559
66,Enterobacteriaceae,546
67,Flavobacteriia,537
68,Flavobacteriales,537
69,Actinomycetales,523
70,Actinomycetaceae,523
71,Hominidae,507
72,Peptococcaceae,495
73,Gekkonidae,488
74,Mus,480
75,Gekkoninae,475
76,Myomorpha,472
77,Artiodactyla,471
78,Muroidea,460
79,Flavobacteriaceae,456
80,Mobiluncus,456
81,Bacillus,454
82,Escherichia,428
83,Hexapoda,409
84,Caulobacterales,409
85,Caulobacteraceae,409
86,Insecta,398
87,Pterygota,398
88,Neoptera,398
89,Plasmodium (Plasmodium),391
90,Tissierellia,387
91,Ovalentaria,378
92,Tissierellales,370
93,Peptoniphilaceae,366
94,Homo,363
95,Muridae,360
96,Spiralia,353
97,Lophotrochozoa,353
98,Murinae,353
99,Nitriliruptoria,337
100,Finegoldia,335
101,Conoidasida,334
102,Coccidia,334
103,Eucoccidiorida,334
104,Eimeriorina,334
105,Plasmodium (Laverania),334
106,Deltaproteobacteria,329
107,Peptostreptococcus,318
108,Carnivora,317
109,Euzebyales,297
110,Eupercaria,284
111,Protacanthopterygii,262
112,Desulfosporosinus,260
113,Propionibacteriales,259
114,Myxococcales,252
115,Mollusca,250
116,Salmoniformes,247
117,Salmonidae,247
118,Salmoninae,247
119,Holometabola,238
120,Piroplasmida,237
121,Babesiidae,234
122,Babesia,234
123,Crustacea,224
124,Cetacea,222
125,Whippomorpha,213
126,Cercopithecidae,212
127,Bivalvia,208
128,Autobranchia,208
129,Pteriomorphia,208
130,Ornithinimicrobiaceae,208
131,Ostariophysi,206
132,Vibrionales,194
133,Vibrionaceae,194
134,Odontoceti,191
135,Propionibacteriaceae,190
136,Passeriformes,186
137,Rathayibacter,184
138,Brevundimonas,183
139,Vibrio,180
140,Atherinomorphae,178
141,Cercopithecinae,176
142,Chiroptera,175
143,Cutibacterium,171
144,Multicrustacea,171
145,Alteromonadales,166
146,Galloanserae,166
147,Ruminantia,165
148,Pecora,165
149,Sarcocystidae,164
150,Archaea,161
151,Desulfitobacterium,160
152,Betaproteobacteria,159
153,Caniformia,159
154,Herbiconiux,159
155,Feliformia,158
156,Cyprinodontiformes,147
157,Cystobacterineae,147
158,Planococcaceae,147
159,Galliformes,146
160,Perciformes,145
161,Oceanospirillales,142
162,Caulobacter,142
163,Microchiroptera,138
164,Felidae,134
165,Bovidae,133
166,Kineosporiales,132
167,Kineosporiaceae,132
168,Ornithinimicrobium,131
169,Hystricomorpha,130
170,Cypriniformes,129
171,Bovinae,129
172,Leifsonia,128
173,Chelicerata,125
174,Mytiloida,125
175,Mytiloidea,125
176,Mytilidae,125
177,Mytilinae,125
178,Oncorhynchus,125
179,Cellvibrionales,124
180,Mytilus,120
181,Burkholderiales,119
182,Microbacterium,119
183,Viridiplantae,118
184,Arachnida,118
185,Unidentata,118
186,Streptophyta,117
187,Embryophyta,117
188,Tracheophyta,117
189,Episquamata,117
190,Cichlomorphae,117
191,Cichliformes,117
192,Cichlidae,117
193,Spermatophyta,116
194,Streptomycetales,116
195,unclassified Euzebya,116
196,Coriobacteriia,115
197,Streptomycetaceae,114
198,Vespertilionidae,113
199,Myxococcaceae,109
200,Streptomyces,109
201,Malacostraca,108
202,Eumalacostraca,108
203,Phasianidae,108
204,unclassified Desulfosporosinus,108
205,Toxoplasma,107
206,eudicotyledons,106
207,Gunneridae,106
208,Pentapetalae,106
209,Romboutsia,105
210,Magnoliopsida,105
211,Poeciliidae,105
212,Poeciliinae,105
213,African cichlids,105
214,Pseudocrenilabrinae,105
215,Streptococcaceae,105
216,Cryptosporidiidae,102
217,Cryptosporidium,102
218,Streptococcus,100
219,Eggerthellales,99
220,Eggerthellaceae,99
221,Intrasporangiaceae,98
222,Eucarida,96
223,Decapoda,96
224,Klebsiella,96
225,Halobacillus,94
226,unclassified Herbiconiux,93
227,Salmo,92
228,Dendrobranchiata,92
229,Penaeoidea,92
230,Penaeidae,92
231,Penaeus,92
232,Bos,92
233,Lepidoptera,91
234,Glossata,91
235,Ditrysia,91
236,Bifidobacteriales,90
237,Bifidobacteriaceae,90
238,Toxicofera,90
239,Bifidobacterium,89
240,Annelida,87
241,Polychaeta,87
242,Sedentaria,87
243,Canalipalpata,87
244,Sabellida,87
245,Sabellariidae,87
246,Catenulisporales,86
247,Catenulisporaceae,86
248,Catenulispora,86
249,Diptera,85
250,Paraneoptera,85
251,Palaeognathae,84
252,Araneae,84
253,Araneomorphae,84
254,Entelegynae,84
255,Sabellaria,84
256,Fungi,83
257,Cricetidae,83
258,Peptacetobacter,83
259,Rattus,82
260,Euryarchaeota,82
261,Hemiptera,81
262,Afrotheria,80
263,Carangaria,80
264,Sorangiineae,80
265,Planococcus,80
266,Pygopoidea,79
267,Macaca,79
268,Dikarya,78
269,Agromyces,77
270,Serinicoccus,77
271,Ascomycota,76
272,Weeksellaceae,76
273,Thaumarchaeota,76
274,Delphinidae,76
275,Felinae,75
276,Bathyergidae,74
277,Kineococcus,72
278,Testudines,71
279,Cryptodira,71
280,unclassified Caulobacter,71
281,Corynebacteriales,71
282,Tylopoda,70
283,Camelidae,70
284,Polyangiaceae,70
285,Hymenoptera,69
286,Alteromonadaceae,69
287,unclassified Brevundimonas,69
288,Eimeriidae,68
289,Pectinida,68
290,Pectinoidea,68
291,Pectinidae,68
292,Nocardioidaceae,67
293,Nitrosopumilales,67
294,Nitrosopumilaceae,67
295,Chryseobacterium group,67
296,Flavobacterium,66
297,Cyprinidae,66
298,Burkholderiaceae,66
299,Pan,66
300,Apocrita,65
301,Maricaulales,65
302,Maricaulaceae,65
303,Perissodactyla,65
304,Nocardioides,65
305,Hexanauplia,64
306,Chryseobacterium,63
307,Eimeria,63
308,Brachycera,62
309,Micrococcaceae,62
310,Pongo,62
311,Alcanivoracaceae,61
312,Cytophagia,61
313,Cytophagales,61
314,Sternorrhyncha,61
315,Diplodactylidae,61
316,Haplochromini,61
317,Percoidei,61
318,Percidae,61
319,Camelus,60
320,Myotis,60
321,Quadrisphaera,60
322,Callithrix,60
323,Alkalihalobacillus,59
324,Poecilia,59
325,Plasmodium (Vinckeia),59
326,Platyrrhini,58
327,Burkholderia,58
328,Micromonosporales,57
329,Micromonosporaceae,57
330,Aculeata,57
331,Araneoidea,57
332,Amphibia,56
333,Agrococcus,56
334,Equidae,56
335,Equus,56
336,Monodontidae,56
337,Burkholderia cepacia complex,55
338,Capnocytophaga,55
339,Gekko,55
340,Yersiniaceae,55
341,Mizuhopecten,55
342,Alcanivorax,54
343,Cnidaria,53
344,asterids,53
345,Pachydactylus,53
346,Muscomorpha,52
347,Anabantaria,52
348,Branchiopoda,52
349,Diplostraca,52
350,Cladocera,52
351,Anomopoda,52
352,Daphniidae,52
353,Daphnia,52
354,Anthozoa,51
355,Xenopus,51
356,lamiids,51
357,Cricetinae,51
358,Dehalobacter,51
359,unclassified Quadrisphaera,51
360,Serpentes,50
361,Staphylococcaceae,50
362,rosids,49
363,Durocryptodira,49
364,Aphidomorpha,49
365,Aphidoidea,49
366,Aphididae,49
367,Yersinia,49
368,Sciuromorpha,48
369,Sciuridae,48
370,Xerinae,48
371,Marmotini,48
372,Pleuronectiformes,48
373,Pleuronectoidei,48
374,Mycobacteriaceae,48
375,Danionidae,48
376,Danioninae,48
377,Danio,48
378,Sciaenidae,47
379,Nitrosopumilus,47
380,Solanales,47
381,Phasianinae,47
382,Pelecaniformes,47
383,Leucobacter,46
384,Heterocephalus,46
385,Saccharomycotina,45
386,Saccharomycetes,45
387,Saccharomycetales,45
388,Eptesicus,45
389,Bradymonadales,45
390,Bradymonadaceae,45
391,Phyllodactylidae,44
392,Asticcacaulis,44
393,Thermoactinomycetaceae,44
394,Cryobacterium,44
395,Thermococci,44
396,Thermococcales,44
397,Thermococcaceae,44
398,Tetraodontiformes,44
399,Tetradontoidea,44
400,Tetraodontidae,44
401,Theridiidae,43
402,Parasteatoda,43
403,Strepsirrhini,43
404,Corallococcus,43
405,Myxococcus,43
406,Staphylococcus,43
407,Hexacorallia,42
408,Endopterygota,42
409,Buchananella,42
410,Colwelliaceae,42
411,Caprimulgimorphae,41
412,Testudinoidea,41
413,Siluriformes,41
414,Solanaceae,41
415,Passeroidea,40
416,Paridae,40
417,Cebidae,40
418,Gruiformes,40
419,Iguania,40
420,Gallus,40
421,Metatheria,40
422,Egibacterales,40
423,Egibacteraceae,40
424,Egibacter,40
425,Spongiibacteraceae,40
426,Otariidae,39
427,Papio,39
428,Marinobacter,39
429,Cirripedia,38
430,Thoracica,38
431,Colubroidea,38
432,Echinodermata,37
433,Accipitriformes,37
434,Megachiroptera,37
435,Pteropodidae,37
436,Pteropodinae,37
437,Bogoriellaceae,37
438,Georgenia,37
439,Xiphophorus,37
440,Takifugu,37
441,Batrachia,36
442,Colobinae,36
443,Neisseriales,36
444,Cnemaspis,36
445,Mustelidae,36
446,Cottioidei,36
447,Oleiphilaceae,36
448,Oleiphilus,36
449,unclassified Oleiphilus,36
450,Raoultibacter,36
451,Salinibacterium,36
452,Synbranchiformes,36
453,Anura,35
454,Cytophagaceae,35
455,Clupei,35
456,Clupeiformes,35
457,Pomacentridae,35
458,Pteropus,35
459,Notothenioidei,35
460,Fibrobacteres,35
461,Fibrobacterales,35
462,Fibrobacteraceae,35
463,Fibrobacter,35
464,Perdicinae,35
465,Coturnix,35
466,Neisseriaceae,35
467,Neisseria,35
468,Sorangium,35
469,Thermococcus,35
470,Lachnospiraceae,34
471,Pipoidea,34
472,Pipidae,34
473,Xenopodinae,34
474,Cyrtodactylus,34
475,Sphaerodactylidae,34
476,Apterygiformes,34
477,Apterygidae,34
478,Apteryx,34
479,Archangiaceae,34
480,Lynx,34
481,Solanoideae,34
482,Acinonychinae,34
483,Acinonyx,34
484,unclassified Desulfitobacterium,34
485,Columbiformes,34
486,Columbidae,34
487,Polyneoptera,33
488,Comamonadaceae,33
489,Cellvibrionaceae,33
490,Crocodylia,33
491,Alligatoridae,33
492,Alligatorinae,33
493,Alligator,33
494,Castorimorpha,33
495,Paenibacillaceae,33
496,Rhizobiales,33
497,Lemuriformes,33
498,Hyphomonadales,33
499,Hyphomonadaceae,33
500,Maribacter,33
501,Suina,33
502,Suidae,33
503,Sus,33
504,Apoidea,32
505,Accipitridae,32
506,Accipitrinae,32
507,Arthrobacter,32
508,Acari,32
509,Cervidae,32
510,Felis,32
511,Bombycoidea,32
512,Percinae,32
513,Perca,32
514,Frigoribacterium,32
515,Microbulbiferaceae,32
516,unclassified Romboutsia,32
517,Cercocebus,32
518,Pasteurellales,31
519,Pasteurellaceae,31
520,Mysticeti,31
521,Balaenopteridae,31
522,Balaenoptera,31
523,Colwellia,31
524,Ephydroidea,31
525,Drosophilidae,31
526,Drosophila,31
527,Saprospiria,31
528,Saprospirales,31
529,Beloniformes,31
530,Adrianichthyidae,31
531,Oryziinae,31
532,Oryzias,31
533,Larimichthys,31
534,Microbulbifer,31
535,Saccharomycetaceae,30
536,Apodiformes,30
537,Salvelinus,30
538,Osteoglossocephala,30
539,Osteoglossomorpha,30
540,Osteoglossiformes,30
541,Osteoglossidae,30
542,Scleropages,30
543,Coleoptera,30
544,Polyphaga,30
545,Labriformes,30
546,Labridae,30
547,Psittaciformes,30
548,Blenniimorphae,30
549,Blenniiformes,30
550,Gobiaria,30
551,Stenosarchaea group,30
552,Halobacteria,30
553,Charadriiformes,30
554,Callitrichinae,30
555,unclassified Alcanivorax,29
556,Delphinapterus,29
557,Bombycidae,29
558,Bombycinae,29
559,Bombyx,29
560,Eggerthella,29
561,Oreochromini,29
562,Oreochromis,29
563,Peptoclostridium,29
564,unclassified Peptoclostridium,29
565,unclassified Salinibacterium,29
566,Tenacibaculum,29
567,Scleractinia,28
568,unclassified Agromyces,28
569,Lagomorpha,28
570,Papilionoidea,28
571,Estrildidae,28
572,Cricetulus,28
573,Fukomys,28
574,Carangiformes,28
575,Phocidae,28
576,Jeotgalibacillus,28
577,unclassified Leucobacter,28
578,Neospora,28
579,Paenisporosarcina,28
580,Pseudoalteromonadaceae,28
581,Columba,28
582,Marmota,27
583,Parasitiformes,27
584,Thraupidae,27
585,Laterata,27
586,Lacertibaenia,27
587,Lacertidae,27
588,unclassified Cryobacterium,27
589,Globicephala,27
590,Monodon,27
591,Pseudoalteromonas,27
592,Eresoidea,27
593,Eresidae,27
594,Stegodyphus,27
595,Dinophyceae,27
596,Suessiales,27
597,Symbiodiniaceae,27
598,Symbiodinium,27
599,Phocoenidae,27
600,Neophocaena,27
601,Promicromonosporaceae,26
602,Podarcis,26
603,Canidae,26
604,Sophophora,26
605,Copepoda,26
606,Calanoida,26
607,Temoridae,26
608,Eurytemora,26
609,environmental samples,26
610,Mycobacterium,26
611,Lagenorhynchus,26
612,Phycicoccus,26
613,unclassified Phycicoccus,26
614,Meleagridinae,26
615,Meleagris,26
616,Astrocoeniina,25
617,fabids,25
618,Pantherinae,25
619,Panthera,25
620,Formicoidea,25
621,Formicidae,25
622,Saccharomyces,25
623,Eleutherozoa,25
624,Gastropoda,25
625,Phyllostomidae,25
626,Coprococcus,25
627,unclassified Coprococcus,25
628,Eulipotyphla,25
629,Lewinellaceae,25
630,unclassified Flavobacterium,25
631,Sirenia,25
632,Trichechidae,25
633,Trichechus,25
634,unclassified Frigoribacterium,25
635,unclassified Halobacillus,25
636,Numididae,25
637,Numida,25
638,Characiformes,25
639,Characoidei,25
640,Paenibacillus,25
641,Sphenisciformes,24
642,Spheniscidae,24
643,Psittacidae,24
644,malvids,24
645,Aphis,24
646,Denticipitoidei,24
647,Denticipitidae,24
648,Denticeps,24
649,Enterococcaceae,24
650,Enterococcus,24
651,Ursidae,24
652,Herpestidae,24
653,Suricata,24
654,Micromonospora,24
655,Holocentriformes,24
656,Holocentridae,24
657,Myripristis,24
658,unclassified Serinicoccus,24
659,Nematocera,23
660,Ixodida,23
661,Ixodoidea,23
662,Ixodidae,23
663,Diprotodontia,23
664,Aphidini,23
665,Octodontidae,23
666,Octodon,23
667,Mustelinae,23
668,Mustela,23
669,Mesocricetus,23
670,Gramella,23
671,Lewinella,23
672,Gasterosteales,23
673,Gasterosteidae,23
674,Persicimonas,23
675,Apidae,22
676,Acrodonta,22
677,Agamidae,22
678,Amphibolurinae,22
679,Pogona,22
680,Trionychia,22
681,Trionychidae,22
682,Pelodiscus,22
683,Chryseoglobus,22
684,Phascolarctidae,22
685,Phascolarctos,22
686,Lactobacillus,22
687,Characidae,22
688,Astyanax,22
689,unclassified Myxococcus,22
690,unclassified Paenisporosarcina,22
691,Physeteridae,22
692,Physeter,22
693,Bubalus,22
694,Maylandia,22
695,Maylandia zebra complex,22
696,Phasmatodea,21
697,Verophasmatodea,21
698,Proboscidea,21
699,Elephantidae,21
700,Loxodonta,21
701,Castoridae,21
702,Castor,21
703,Danionella,21
704,Carangidae,21
705,Seriola,21
706,Henriciella,21
707,Metabacillus,21
708,Nocardiaceae,21
709,Emydidae,21
710,Mastacembelidae,21
711,Mastacembelus,21
712,Sessilia,20
713,Balanidae,20
714,Anseriformes,20
715,Anatidae,20
716,Epsilonproteobacteria,20
717,Campylobacterales,20
718,Campylobacteraceae,20
719,Pezizomycotina,20
720,Phyllodactylus,20
721,Cellulosimicrobium,20
722,Cyprinus,20
723,Canis,20
724,Chondrichthyes,20
725,Casuariiformes,20
726,Dromaiidae,20
727,Dromaius,20
728,unclassified Fibrobacter,20
729,unclassified Georgenia,20
730,Macrosiphini,20
731,Neomonachus,20
732,Nevskiales,20
733,Elapidae,20
734,Gymnophiona,20
735,Kurtiformes,20
736,Apogonoidei,20
737,Apogonidae,20
738,Apogoninae,20
739,Sphaeramia,20
740,Pocilloporidae,20
741,Neotominae,20
742,Peromyscus,20
743,Tetrasphaera,20
744,Virgibacillus,20
745,Oceanospirillaceae,19
746,Cetartiodactyla,19
747,Heterobranchia,19
748,Euthyneura,19
749,Nototheniidae,19
750,Rhinopithecus,19
751,Desulfobacterales,19
752,Coraciiformes,19
753,Solaneae,19
754,Solanum,19
755,Desmodontinae,19
756,Desmodus,19
757,Thermoleophilia,19
758,Solirubrobacterales,19
759,Halieaceae,19
760,Gehyra,19
761,Kytococcaceae,19
762,Kytococcus,19
763,Scolopacidae,19
764,Mesobacillus,19
765,Callorhinus,19
766,Tinamiformes,19
767,Tinamidae,19
768,Oxobacter,19
769,Luciopercinae,19
770,Sander,19
771,Spongiibacter,19
772,Pangasiidae,19
773,Pangasianodon,19
774,unclassified Thermococcus,19
775,Anareolatae,18
776,Noctuoidea,18
777,Culicoidea,18
778,Culicidae,18
779,unclassified Asticcacaulis,18
780,Myrmicinae,18
781,Bradymonas,18
782,Chondromyces,18
783,Cyprininae,18
784,unclassified Dehalobacter,18
785,Dactyloidae,18
786,Anolis,18
787,Sinobacteraceae,18
788,Ambassidae,18
789,Parambassis,18
790,Chinchillidae,18
791,Chinchilla,18
792,Ornithinicoccus,18
793,Ursus,18
794,Pedunculata,18
795,Scalpellomorpha,18
796,Pollicipedidae,18
797,Pollicipes,18
798,Eumetopias,18
799,Aquila,17
800,Rivulidae,17
801,Estrildinae,17
802,Haplochromis,17
803,Noctuidae,17
804,Camarhynchus,17
805,Desulfobacteraceae,17
806,Chromatiales,17
807,Viruses,17
808,unclassified Capnocytophaga,17
809,Scandentia,17
810,Tupaiidae,17
811,Tupaia,17
812,Eubacteriales,17
813,Indriidae,17
814,Propithecus,17
815,Cephalopoda,17
816,Coleoidea,17
817,unclassified Eggerthella,17
818,Fictibacillus,17
819,Nannocystineae,17
820,Blennioidei,17
821,Blenniidae,17
822,Salariinae,17
823,Salarias,17
824,Bacteroidia,17
825,Aotidae,17
826,Aotus,17
827,Plantactinospora,17
828,Polyangium,17
829,Leporidae,17
830,Oryctolagus,17
831,Silurana,17
832,Scophthalmidae,17
833,Scophthalmus,17
834,Spalacidae,17
835,Spalacinae,17
836,Nannospalax,17
837,Trochilidae,16
838,Calypte,16
839,Zeiogadaria,16
840,Gadariae,16
841,Gadiformes,16
842,Gadoidei,16
843,Gadidae,16
844,Gadus,16
845,Labrus,16
846,Collichthys,16
847,Panpulmonata,16
848,Hygrophila,16
849,Lymnaeoidea,16
850,Planorbidae,16
851,Biomphalaria,16
852,Cyanistes,16
853,Rhipicephalinae,16
854,Anabantiformes,16
855,Anabantoidei,16
856,Coriobacteriales,16
857,Echinozoa,16
858,Echinoidea,16
859,Euechinoidea,16
860,Echinacea,16
861,Camarodonta,16
862,Echinidea,16
863,unclassified Corallococcus,16
864,Dermatophilaceae,16
865,Octopodiformes,16
866,Octopoda,16
867,Incirrata,16
868,Octopodidae,16
869,Octopus,16
870,unclassified Finegoldia,16
871,Spariformes,16
872,Sparidae,16
873,Sparus,16
874,Glutamicibacter,16
875,Cheirogaleidae,16
876,Microcebus,16
877,Didelphimorphia,16
878,Didelphidae,16
879,Monodelphis,16
880,Paralichthyidae,16
881,Paralichthys,16
882,Maricaulis,16
883,Microterricola,16
884,Xenarthra,16
885,Cingulata,16
886,Dasypodidae,16
887,Dasypus,16
888,Oceanicaulis,16
889,Oceanobacillus,16
890,Schaalia,16
891,Mastomys,16
892,Gorilla,16
893,Acidovorax,15
894,Tephritoidea,15
895,Tephritidae,15
896,Haliaeetus,15
897,Bison,15
898,Bombus,15
899,Pyrobombus,15
900,Rhipicephalus,15
901,Campylobacter,15
902,Capsiceae,15
903,Capsicum,15
904,Cellulophaga,15
905,Caviidae,15
906,Cavia,15
907,Piciformes,15
908,Picidae,15
909,Picoides,15
910,Ostreida,15
911,Ostreoidea,15
912,Ostreidae,15
913,Crassostrea,15
914,Collembola,15
915,Testudinidae,15
916,Gopherus,15
917,Syngnathiaria,15
918,Syngnathiformes,15
919,Syngnathoidei,15
920,Syngnathidae,15
921,Halioglobus,15
922,Kallipyga,15
923,Lutibacter,15
924,Acanthophiinae,15
925,Lamprologini,15
926,Neolamprologus,15
927,Carphodactylidae,15
928,Esociformes,15
929,Esocidae,15
930,Esox,15
931,Odocoileinae,15
932,Odocoileus,15
933,Polypteriformes,15
934,Polypteridae,15
935,Erpetoichthys,15
936,Calidris,15
937,Elasmobranchii,15
938,Galeomorphii,15
939,Galeoidea,15
940,Stylophora,15
941,Synbranchidae,15
942,Monopterus,15
943,Terribacillus,15
944,Gasterosteus,15
945,Adlercreutzia,14
946,unclassified Adlercreutzia,14
947,Araneidae,14
948,Archangium,14
949,Papilionidae,14
950,Papilioninae,14
951,Papilio,14
952,Actiniaria,14
953,Lonchura,14
954,Debaryomycetaceae,14
955,Candida/Lodderomyces clade,14
956,Candida,14
957,Apodidae,14
958,Chaetura,14
959,unclassified Chryseoglobus,14
960,Amphiprion,14
961,Carassius,14
962,other sequences,14
963,artificial sequences,14
964,Nematoda,14
965,Chromadorea,14
966,Rhabditida,14
967,Spirurina,14
968,Oxyuridomorpha,14
969,Oxyuroidea,14
970,Oxyuridae,14
971,Enterobius,14
972,Notolabrus,14
973,Nocardia,14
974,unclassified Oceanicaulis,14
975,Bacteroidales,14
976,Pasteurella,14
977,Pseudonaja,14
978,Pundamilia,14
979,Strongylocentrotidae,14
980,Strongylocentrotus,14
981,Pyxidicoccus,14
982,Acanthisittidae,14
983,Acanthisitta,14
984,Salegentibacter,14
985,Coelomys,14
986,Osphronemidae,14
987,Betta,14
988,Syntrophobotulus,14
989,Hippocampus,14
990,Nemacheilidae,14
991,Triplophysa,14
992,Chrysemys,14
993,Apteryx mantelli,13
994,Gobiesocoidei,13
995,Gobiesocidae,13
996,Gobiesocinae,13
997,Gouania,13
998,Rhoptropus,13
999,Apodinae,13
1000,Chitinophagia,13
1001,Chitinophagales,13
1002,Chitinophagaceae,13
1003,Hylobatidae,13
1004,Sturnidae,13
1005,Bovichtidae,13
1006,Cottoperca,13
1007,Lutrinae,13
1008,Enhydra,13
1009,unclassified Fictibacillus,13
1010,Gordonibacter,13
1011,Haemophilus,13
1012,Tunicata,13
1013,Sylvioidea,13
1014,Homoserinimonas,13
1015,Cottales,13
1016,Marisediminicola,13
1017,Mycobacterium tuberculosis complex,13
1018,Odontophoridae,13
1019,Atopobiaceae,13
1020,Pecten,13
1021,Pseudoclavibacter,13
1022,Salmonella,13
1023,Shewanellaceae,13
1024,Shewanella,13
1025,Ictidomys,13
1026,unclassified Virgibacillus,13
1027,Tinamus,13
1028,Moraxellaceae,12
1029,Afroedura,12
1030,Ailuronyx,12
1031,Corvoidea,12
1032,Corvidae,12
1033,Corvus,12
1034,Pelmatozoa,12
1035,Crinoidea,12
1036,Articulata,12
1037,Comatulida,12
1038,Comatulidae,12
1039,Comatulinae,12
1040,Anneissia,12
1041,Gonatodes,12
1042,Aquimarina,12
1043,Fabales,12
1044,Fabaceae,12
1045,Papilionoideae,12
1046,50 kb inversion clade,12
1047,Cucujiformia,12
1048,Heteroptera,12
1049,Panheteroptera,12
1050,Besnoitia,12
1051,Mesitornithidae,12
1052,Mesitornis,12
1053,Bucerotiformes,12
1054,Bucerotidae,12
1055,Buceros,12
1056,Henophidia,12
1057,Pythonidae,12
1058,Python,12
1059,Morganellaceae,12
1060,sulfur-oxidizing symbionts,12
1061,Caprimulgiformes,12
1062,Caprimulgidae,12
1063,Antrostomus,12
1064,Fringillidae,12
1065,Carduelinae,12
1066,Serinus,12
1067,Peracarida,12
1068,Sturnus,12
1069,Dictyoptera,12
1070,Blattodea,12
1071,Blattoidea,12
1072,Termitoidae,12
1073,Culex,12
1074,Cyprinodontidae,12
1075,Cyprinodon,12
1076,Cystoisospora,12
1077,Nymphalidae,12
1078,Soricidae,12
1079,Soricinae,12
1080,Sorex,12
1081,New World cichlids,12
1082,Cichlasomatinae,12
1083,Heroini,12
1084,Archocentrus,12
1085,Sisoridae,12
1086,Sisorinae,12
1087,Bagarius,12
1088,Parus,12
1089,Natrialbales,12
1090,Natrialbaceae,12
1091,Hymenobacteraceae,12
1092,Viperidae,12
1093,Dipodoidea,12
1094,Dipodidae,12
1095,Dipodinae,12
1096,Jaculus,12
1097,Mediodactylus,12
1098,Methylococcales,12
1099,Muntiacinae,12
1100,Muntiacus,12
1101,unclassified Nitrosopumilus,12
1102,Olsenella,12
1103,Heteromyidae,12
1104,Dipodomyinae,12
1105,Dipodomys,12
1106,Porphyromonadaceae,12
1107,Porphyromonas,12
1108,Arvicolinae,12
1109,Microtus,12
1110,Ptychozoon,12
1111,unclassified Raoultibacter,12
1112,Salinimicrobium,12
1113,Tenuidactylus,12
1114,Pseudopodoces,12
1115,Nothobranchiidae,12
1116,Nothobranchius,12
1117,Lonchodidae,11
1118,Thiotrichales,11
1119,Pygoscelis,11
1120,Ochotonidae,11
1121,Ochotona,11
1122,Amphibalanus,11
1123,Stramenopiles,11
1124,Clupeoidei,11
1125,Clupeidae,11
1126,Clupea,11
1127,Strigiformes,11
1128,Nitrosarchaeum,11
1129,Magnoliophyta,11
1130,Colobus,11
1131,Leptosomidae,11
1132,Leptosomus,11
1133,Curtobacterium,11
1134,Pelecanidae,11
1135,Pelecanus,11
1136,Trematomus,11
1137,Entomobryomorpha,11
1138,Isotomoidea,11
1139,Isotomidae,11
1140,Proisotominae,11
1141,Folsomia,11
1142,Gillisia,11
1143,Glaciihabitans,11
1144,Pipridae,11
1145,Manacus,11
1146,Erythrura,11
1147,Myzus,11
1148,Amphipoda,11
1149,unclassified Homoserinimonas,11
1150,Charadriidae,11
1151,Charadrius,11
1152,unclassified Lewinella,11
1153,Anatinae,11
1154,Anas,11
1155,Methylococcaceae,11
1156,unclassified Micromonospora,11
1157,Gonorynchiformes,11
1158,Chanidae,11
1159,Chanos,11
1160,Procellariiformes,11
1161,Procellariidae,11
1162,Fulmarus,11
1163,Opisthocomiformes,11
1164,Opisthocomidae,11
1165,Opisthocomus,11
1166,Tubulidentata,11
1167,Orycteropodidae,11
1168,Orycteropus,11
1169,Crotalinae,11
1170,Priestia,11
1171,Musophagiformes,11
1172,Musophagidae,11
1173,Tauraco,11
1174,Cariamiformes,11
1175,Cariamidae,11
1176,Cariama,11
1177,Taphrinomycotina,11
1178,Schizosaccharomycetes,11
1179,Schizosaccharomycetales,11
1180,Schizosaccharomycetaceae,11
1181,Schizosaccharomyces,11
1182,Solirubrobacteraceae,11
1183,Solirubrobacter,11
1184,Boophilus,11
1185,Acanthochromis,11
1186,Sporosarcina,11
1187,Holostei,11
1188,Semionotiformes,11
1189,Lepisosteidae,11
1190,Lepisosteus,11
1191,Struthioniformes,11
1192,Struthionidae,11
1193,Struthio,11
1194,Liparidae,11
1195,Liparis,11
1196,unclassified Tenacibaculum,11
1197,Thalassolituus,11
1198,Cynoglossidae,11
1199,Cynoglossinae,11
1200,Cynoglossus,11
1201,Rhinatrematidae,11
1202,Rhinatrema,11
1203,Zhihengliuella,11
1204,Zhongshania,11
1205,Salinisphaerales,10
1206,Salinisphaeraceae,10
1207,Pseudonocardiales,10
1208,Pseudonocardiaceae,10
1209,Anophelinae,10
1210,Anopheles,10
1211,Agreia,10
1212,Araneus,10
1213,Austrofundulus,10
1214,Stegastes,10
1215,Saimiriinae,10
1216,Saimiri,10
1217,Phelsuma,10
1218,unclassified Cellulosimicrobium,10
1219,Varidnaviria,10
1220,Bamfordvirae,10
1221,Nucleocytoviricota,10
1222,Megaviricetes,10
1223,Cuculiformes,10
1224,Cuculidae,10
1225,Cuculus,10
1226,Elateriformia,10
1227,Dactylosporangium,10
1228,Mandrillus,10
1229,Aptenodytes,10
1230,Theropithecus,10
1231,unclassified Gordonibacter,10
1232,Gobiiformes,10
1233,Gobioidei,10
1234,Gobiidae,10
1235,Oxudercinae,10
1236,Boleophthalmus,10
1237,Halobacteriales,10
1238,Stratiomyomorpha,10
1239,Stratiomyidae,10
1240,Hermetiinae,10
1241,Hermetia,10
1242,Isachenkonia,10
1243,Laceyella,10
1244,Otididae,10
1245,Chlamydotis,10
1246,Ceratitis,10
1247,Geospiza,10
1248,Zeugodacus,10
1249,Platyhelminthes,10
1250,Muricauda,10
1251,Nannocystaceae,10
1252,Neobacillus,10
1253,Nomascus,10
1254,Etheostomatinae,10
1255,Etheostoma,10
1256,unclassified Plantactinospora,10
1257,Scalidophora,10
1258,Priapulida,10
1259,Priapulimorpha,10
1260,Priapulimorphida,10
1261,Priapulidae,10
1262,Priapulus,10
1263,Robertkochia,10
1264,Lorisiformes,10
1265,Galagidae,10
1266,Otolemur,10
1267,Xenorhabdus,10
1268,Lipotidae,10
1269,Lipotes,10
1270,Oxalobacteraceae,9
1271,Thiotrichaceae,9
1272,Aerococcaceae,9
1273,Aerococcus,9
1274,unclassified Agreia,9
1275,Carnobacteriaceae,9
1276,Vicugna,9
1277,Anserinae,9
1278,Anser,9
1279,Trogoniformes,9
1280,Trogonidae,9
1281,Apaloderma,9
1282,Asterozoa,9
1283,Asteroidea,9
1284,Rhodobiaceae,9
1285,Macroscelidea,9
1286,Macroscelididae,9
1287,Elephantulus,9
1288,Catenovulum,9
1289,Cellulomonadaceae,9
1290,Cellvibrio,9
1291,Muscicapidae,9
1292,Ficedula,9
1293,Tursiops,9
1294,Threskiornithidae,9
1295,Nipponia,9
1296,Cytobacillus,9
1297,Octocorallia,9
1298,Alcyonacea,9
1299,Alcyoniina,9
1300,Nephtheidae,9
1301,Dendronephthya,9
1302,Desulfatibacillum,9
1303,Desulfuromonadales,9
1304,Gruidae,9
1305,Balearica,9
1306,Serranoidei,9
1307,Serranidae,9
1308,Epinephelinae,9
1309,Epinephelini,9
1310,Epinephelus,9
1311,Glycocaulis,9
1312,Phalacrocoracidae,9
1313,Phalacrocorax,9
1314,Senticaudata,9
1315,Talitrida,9
1316,Talitroidea,9
1317,Hyalellidae,9
1318,Hyalella,9
1319,Hymenobacter,9
1320,Knoellia,9
1321,Ardeidae,9
1322,Egretta,9
1323,Lygodactylus,9
1324,unclassified Microbulbifer,9
1325,Siphonopidae,9
1326,Microcaecilia,9
1327,Mobilicoccus,9
1328,Mycobacteroides,9
1329,Brassicales,9
1330,Phenylobacterium,9
1331,Plasmodium (Haemamoeba),9
1332,Puma,9
1333,Gaviiformes,9
1334,Gaviidae,9
1335,Gavia,9
1336,Rhinocerotidae,9
1337,Ceratotherium,9
1338,unclassified Spongiibacter,9
1339,Eurypygidae,9
1340,Eurypyga,9
1341,unclassified Tetrasphaera,9
1342,Thecadactylus,9
1343,Gambusia,9
1344,Phaethontidae,9
1345,Phaethon,9
1346,Yonghaparkia,9
1347,Acinetobacter,8
1348,Megabalanus,8
1349,Algibacter,8
1350,Alteromonas,8
1351,Anabarilius,8
1352,Urocitellus,8
1353,Arenibacter,8
1354,Psylloidea,8
1355,Liviidae,8
1356,Diaphorina,8
1357,Culicinae,8
1358,Eurotiomycetes,8
1359,Eurotiomycetidae,8
1360,Eurotiales,8
1361,Aspergillaceae,8
1362,Cimicomorpha,8
1363,Notothenia,8
1364,Amazona,8
1365,Auchenorrhyncha,8
1366,Fulgoroidea,8
1367,Delphacidae,8
1368,Delphacinae,8
1369,Nilaparvata,8
1370,Erwiniaceae,8
1371,Caldalkalibacillus,8
1372,Chromatiaceae,8
1373,Meropidae,8
1374,Merops,8
1375,Algavirales,8
1376,Phycodnaviridae,8
1377,Necrosciinae,8
1378,Astatotilapia,8
1379,Enhygromyxa,8
1380,Americhelydia,8
1381,Chelonioidea,8
1382,Cheloniidae,8
1383,Chelonia,8
1384,Saccharospirillaceae,8
1385,Halomonadaceae,8
1386,Halomonas,8
1387,Hirundinidae,8
1388,Hirundo,8
1389,Intrasporangium,8
1390,Janibacter,8
1391,Strophurus,8
1392,Strigops,8
1393,Nestor,8
1394,Lactiplantibacillus,8
1395,Thermoanaerobacterales,8
1396,Miniopterinae,8
1397,Miniopterus,8
1398,Miniphocibacter,8
1399,Rhabditophora,8
1400,Seriata,8
1401,Proseriata,8
1402,Monocelididae,8
1403,Minona,8
1404,Staphyliniformia,8
1405,Pungitius,8
1406,Pedococcus,8
1407,Protobothrops,8
1408,Tenrecidae,8
1409,Tenrecinae,8
1410,Echinops,8
1411,Solanum subgen. Lycopersicon,8
1412,Coliiformes,8
1413,Coliidae,8
1414,Colius,8
1415,Thalassotalea,8
1416,Brassicaceae,8
1417,Camelineae,8
1418,Arabidopsis,8
1419,Leptonychotes,8
1420,Orectolobiformes,8
1421,Rhincodontidae,8
1422,Rhincodon,8
1423,Ciconiiformes,8
1424,Pteroclidae,8
1425,Pterocles,8
1426,unclassified Yonghaparkia,8
1427,Massilia,7
1428,Eublepharidae,7
1429,Eublepharinae,7
1430,Liliopsida,7
1431,Xanthomonadales,7
1432,Halictidae,7
1433,Asaccharospora,7
1434,Chrysomeloidea,7
1435,Aspergillus,7
1436,Hemidactylus,7
1437,Bavayia,7
1438,Parasitoida,7
1439,unclassified Catenovulum,7
1440,Cellulomonas,7
1441,Dothideomycetes,7
1442,Chondrodactylus,7
1443,Nicotianoideae,7
1444,Nicotianeae,7
1445,Nicotiana,7
1446,Conexibacteraceae,7
1447,Conexibacter,7
1448,Rhopalosiphum,7
1449,Heliothinae,7
1450,Helicoverpa,7
1451,Cyrtopodion,7
1452,Diaminobutyricibacter,7
1453,Buprestoidea,7
1454,Buprestidae,7
1455,Agrilinae,7
1456,Agrilus,7
1457,Emticicia,7
1458,Enterovibrio,7
1459,Grammomys,7
1460,Kofleriaceae,7
1461,Haliangium,7
1462,Haloferacales,7
1463,Ascidiacea,7
1464,unclassified Jeotgalibacillus,7
1465,Orcinus,7
1466,Lepidodactylus,7
1467,Brachiopoda,7
1468,Linguliformea,7
1469,Lingulata,7
1470,Lingulida,7
1471,Linguloidea,7
1472,Lingulidae,7
1473,Lingula,7
1474,Echeneidae,7
1475,Echeneis,7
1476,Lottiidibacillus,7
1477,Marinicauda,7
1478,Phyllobacteriaceae,7
1479,Mesorhizobium,7
1480,Methanomada group,7
1481,Methanococci,7
1482,Methanococcales,7
1483,Gerbillinae,7
1484,Meriones,7
1485,Moritellaceae,7
1486,Moritella,7
1487,Ornithinibacillus,7
1488,Paroedura,7
1489,Plantibacter,7
1490,Myrtales,7
1491,Rhodococcus,7
1492,Phasianus,7
1493,Runella,7
1494,Hemichordata,7
1495,Enteropneusta,7
1496,Harrimaniidae,7
1497,Saccoglossus,7
1498,Callipepla,7
1499,Carcharhiniformes,7
1500,Scyliorhinidae,7
1501,Scyliorhinus,7
1502,Spirosoma,7
1503,Tetraodon,7
1504,Talpidae,7
1505,Condylura,7
1506,Edwardsiidae,7
1507,Nematostella,7
1508,Dermoptera,7
1509,Cynocephalidae,7
1510,Galeopterus,7
1511,Terrapene,7
1512,Uroplatus,7
1513,Passerellidae,7
1514,Zonotrichia,7
1515,Termopsidae,7
1516,Zootermopsis,7
1517,Agamura,6
1518,Alsophylax,6
1519,Ochrophyta,6
1520,Bacillariophyta,6
1521,Bacillariophyceae,6
1522,Bacillariophycidae,6
1523,Thalassiophysales,6
1524,Catenulaceae,6
1525,Amphora,6
1526,Arenicellales,6
1527,Arenicellaceae,6
1528,Arenicella,6
1529,NPAAA clade,6
1530,Valvatacea,6
1531,Valvatida,6
1532,Cephalochordata,6
1533,Leptocardii,6
1534,Amphioxiformes,6
1535,Branchiostomidae,6
1536,Branchiostoma,6
1537,Berryella,6
1538,Ixodinae,6
1539,Ixodes,6
1540,Psittaculidae,6
1541,Melopsittacus,6
1542,Bunopus,6
1543,Strigidae,6
1544,Athene,6
1545,Heteronotia,6
1546,Nitrososphaeria,6
1547,Nitrososphaerales,6
1548,Nitrososphaeraceae,6
1549,Candidatus Nitrosocosmicus,6
1550,Candidatus Thiodiazotropha,6
1551,Chrysochloridae,6
1552,Chrysochlorinae,6
1553,Chrysochloris,6
1554,Christinus,6
1555,Chrysomelidae,6
1556,Compostimonas,6
1557,Cryptactites,6
1558,Cucurbitales,6
1559,Cucurbitaceae,6
1560,Benincaseae,6
1561,Culicini,6
1562,unclassified Cyrtopodion,6
1563,Cystobacter,6
1564,Danaus,6
1565,Desulfuromonadaceae,6
1566,Dixonius,6
1567,Stenodactylus,6
1568,unclassified Emticicia,6
1569,Amphipyrinae,6
1570,Spodoptera,6
1571,Flavivirga,6
1572,Frondihabitans,6
1573,Ailuropoda,6
1574,Goggia,6
1575,Chlorocebus,6
1576,Halobacteriaceae,6
1577,unclassified Halioglobus,6
1578,Haloterrigena,6
1579,Hirschia,6
1580,Hyphobacterium,6
1581,Convolvulaceae,6
1582,Ipomoeeae,6
1583,Ipomoea,6
1584,unclassified Knoellia,6
1585,Kolekanos,6
1586,Kordia,6
1587,Luperosaurus,6
1588,Thermoanaerobacterales Family IV. Incertae Sedis,6
1589,Mahella,6
1590,Kryptolebias,6
1591,Methylomonas,6
1592,Microgecko,6
1593,Murdochiella,6
1594,Colinus,6
1595,Nothoprocta,6
1596,Oceanicoccus,6
1597,Oedodera,6
1598,Appendicularia,6
1599,Copelata,6
1600,Oikopleuridae,6
1601,Oikopleura,6
1602,unclassified Olsenella,6
1603,Odobenidae,6
1604,Odobenus,6
1605,Phyllostominae,6
1606,Phyllostomus,6
1607,Paragehyra,6
1608,Paraglaciecola,6
1609,Pareuzebyella,6
1610,Patagioenas,6
1611,Falconiformes,6
1612,Falconidae,6
1613,Falco,6
1614,Haliscomenobacteraceae,6
1615,Phaeodactylibacter,6
1616,Photobacterium,6
1617,Caenogastropoda,6
1618,Architaenioglossa,6
1619,Ampullarioidea,6
1620,Ampullariidae,6
1621,Pomacea,6
1622,Lythraceae,6
1623,Punica,6
1624,Pseudogekko,6
1625,Ptenopus,6
1626,Pyrococcus,6
1627,Ralstonia,6
1628,Vulpes,6
1629,Micropepsales,6
1630,Micropepsaceae,6
1631,Rhizomicrobium,6
1632,Satyrinae,6
1633,Satyrini,6
1634,Robiginitalea,6
1635,Salinisphaera,6
1636,Serratia,6
1637,Solimonas,6
1638,unclassified Sporosarcina,6
1639,Staphylinidae,6
1640,Staphylininae group,6
1641,Steninae,6
1642,Stenus,6
1643,Teredinibacter,6
1644,Tessaracoccus,6
1645,Colubridae,6
1646,Natricinae,6
1647,Thamnophis,6
1648,unclassified Thecadactylus,6
1649,Thermoactinomyces,6
1650,Hemiphyllodactylus,6
1651,Tropiocolotes,6
1652,Piliocolobus,6
1653,Urocotyledon,6
1654,Variovorax,6
1655,Erinaceidae,6
1656,Erinaceinae,6
1657,Erinaceus,6
1658,Winogradskyella,6
1659,Bagridae,6
1660,Tachysurus,6
1661,Sipha,6
1662,Elasmodactylus,6
1663,Nakaseomyces,5
1664,Nakaseomyces/Candida clade,5
1665,unclassified Acidovorax,5
1666,Acroporidae,5
1667,Acropora,5
1668,Chloroflexi,5
1669,Cyclobacteriaceae,5
1670,Sphingomonadales,5
1671,Pyraloidea,5
1672,Pyralidae,5
1673,Apibacter,5
1674,unclassified Aquimarina,5
1675,dalbergioids sensu lato,5
1676,Dalbergieae,5
1677,Pterocarpus clade,5
1678,Arachis,5
1679,Arcobacter group,5
1680,Merostomata,5
1681,Xiphosura,5
1682,Limulidae,5
1683,Limulus,5
1684,Candidatus Gribaldobacteria,5
1685,Tytonidae,5
1686,Tyto,5
1687,Platysternidae,5
1688,Platysternon,5
1689,Sciaroidea,5
1690,Brevibacillus,5
1691,Calodactylodes,5
1692,Candidatus Saccharibacteria,5
1693,unclassified Cellvibrio,5
1694,Cervinae,5
1695,Cervus,5
1696,Chitinophaga,5
1697,Duplodnaviria,5
1698,Heunggongvirae,5
1699,Uroviricota,5
1700,Caudoviricetes,5
1701,Caudovirales,5
1702,Drexlerviridae,5
1703,Tempevirinae,5
1704,Tlsvirus,5
1705,Teratoscincus,5
1706,Psychromonadaceae,5
1707,Crossobamon,5
1708,Kalotermitidae,5
1709,Cryptotermitinae,5
1710,Cryptotermes,5
1711,Cucumis,5
1712,Cyclospora,5
1713,Desulfuromonas,5
1714,Dierogekko,5
1715,Holocephali,5
1716,Chimaeriformes,5
1717,Callorhinchidae,5
1718,Callorhinchus,5
1719,unclassified Glutamicibacter,5
1720,Haloferacaceae,5
1721,Hammondia,5
1722,Tarentola,5
1723,Trichoptera,5
1724,Integripalpia,5
1725,Plenitentoria,5
1726,Limnephiloidea,5
1727,Limnephilidae,5
1728,Limnephilinae,5
1729,Limnephilini,5
1730,Hesperophylax,5
1731,Hyalangium,5
1732,Kineosphaera,5
1733,Elapinae,5
1734,Ophiophagus,5
1735,Lacinutrix,5
1736,Lentibacillus,5
1737,Lihuaxuella,5
1738,Wasmannia,5
1739,unclassified Maricaulis,5
1740,Marinagarivorans,5
1741,Minicystis,5
1742,unclassified Mobilicoccus,5
1743,Muriicola,5
1744,Myroides,5
1745,Nactus,5
1746,Nannocystis,5
1747,Paniegekko,5
1748,Acyrthosiphon,5
1749,Sphingobacteriia,5
1750,Sphingobacteriales,5
1751,Sphingobacteriaceae,5
1752,Tarsiiformes,5
1753,Tarsiidae,5
1754,Carlito,5
1755,unclassified Plantibacter,5
1756,Pocillopora,5
1757,Polaribacter,5
1758,Propioniciclava,5
1759,unclassified Propioniciclava,5
1760,Ramigekko,5
1761,Solenopsis,5
1762,Saltuarius,5
1763,Sediminicola,5
1764,unclassified Tessaracoccus,5
1765,Thiothrix,5
1766,Trichococcus,5
1767,Cathartidae,5
1768,Cathartes,5
1769,Acariformes,5
1770,Trombidiformes,5
1771,Prostigmata,5
1772,Eleutherengona,5
1773,Raphignathae,5
1774,Tetranychoidea,5
1775,Tetranychidae,5
1776,Tetranychus,5
1777,Amalosia,5
1778,Zosteropidae,5
1779,Zosterops,5
1780,Abyssibacter,4
1781,Acidothermales,4
1782,Acidothermaceae,4
1783,Acidothermus,4
1784,Acinetobacter calcoaceticus/baumannii complex,4
1785,Actinokineospora,4
1786,Actinomyces,4
1787,Kangiellaceae,4
1788,Erythrobacteraceae,4
1789,Aquabacterium,4
1790,Argiope,4
1791,Perna,4
1792,Pleuronectidae,4
1793,Hippoglossus,4
1794,Oestroidea,4
1795,Calliphoridae,4
1796,Luciliinae,4
1797,Lucilia,4
1798,Avibacterium,4
1799,Cimicidae,4
1800,Cimex,4
1801,Aleyrodoidea,4
1802,Aleyrodidae,4
1803,Aleyrodinae,4
1804,Bemisia,4
1805,Caryophyllales,4
1806,Chenopodiaceae,4
1807,Bombus vancouverensis,4
1808,Bradyrhizobiaceae,4
1809,Bradyrhizobium,4
1810,Pentatomomorpha,4
1811,Pentatomoidea,4
1812,Pentatomidae,4
1813,Pentatominae,4
1814,Halyomorpha,4
1815,Plusiinae,4
1816,Trichoplusia,4
1817,unclassified Cellulophaga,4
1818,Phasmatidae,4
1819,Phasmatinae,4
1820,Sapindales,4
1821,Rutaceae,4
1822,Aurantioideae,4
1823,Citrus,4
1824,Coelacanthiformes,4
1825,Coelacanthidae,4
1826,Latimeria,4
1827,Chrysomelinae,4
1828,Doryphorini,4
1829,Leptinotarsa,4
1830,unclassified Conexibacter,4
1831,Croceivirga,4
1832,Desulfosarcina,4
1833,Fungi incertae sedis,4
1834,Amoebozoa,4
1835,Rophitinae,4
1836,Dufourea,4
1837,Aiptasiidae,4
1838,Exaiptasia,4
1839,unclassified Flavivirga,4
1840,Gilvimarinus,4
1841,Caprinae,4
1842,Gryllotalpicola,4
1843,Stolidobranchia,4
1844,Haloarculaceae,4
1845,Hazenella,4
1846,unclassified Hazenella,4
1847,Malvales,4
1848,Malvaceae,4
1849,Malvoideae,4
1850,Hibiscus,4
1851,Mesostigmata,4
1852,Gamasina,4
1853,Scorpaenoidei,4
1854,Sebastidae,4
1855,Sebastinae,4
1856,Sebastes,4
1857,Gelechioidea,4
1858,Cosmopterigidae,4
1859,Cosmopteriginae,4
1860,Hyposmocoma,4
1861,Sousa,4
1862,Lacibacter,4
1863,Limosa,4
1864,Lujinxingia,4
1865,Lysinimonas,4
1866,Xanthomonadaceae,4
1867,Malaciobacter,4
1868,Marortus,4
1869,Melanaphis,4
1870,Methanocaldococcaceae,4
1871,Methanotorris,4
1872,unclassified Microterricola,4
1873,Choanoflagellata,4
1874,Craspedida,4
1875,Salpingoecidae,4
1876,indigoferoid/millettioid clade,4
1877,Phaseoleae,4
1878,Mycobacterium avium complex (MAC),4
1879,unclassified Nitrosarchaeum,4
1880,unclassified Oceanicoccus,4
1881,Ectothiorhodospiraceae,4
1882,Paenactinomyces,4
1883,Pantoea,4
1884,unclassified Paraglaciecola,4
1885,Pedobacter,4
1886,Perochirus,4
1887,Prymnesiovirus,4
1888,unclassified Prymnesiovirus,4
1889,Phoenicopteriformes,4
1890,Phoenicopteridae,4
1891,Phoenicopterus,4
1892,Oomycota,4
1893,Peronosporales,4
1894,Peronosporaceae,4
1895,Phytophthora,4
1896,unclassified Polyangium,4
1897,unclassified Pyxidicoccus,4
1898,Ramlibacter,4
1899,Reinekea,4
1900,unclassified Runella,4
1901,Diuraphis,4
1902,Sediminibacillus,4
1903,Pleocyemata,4
1904,unclassified Solirubrobacter,4
1905,Staphylospora,4
1906,Stigmatella,4
1907,Istiophoriformes,4
1908,Xiphiidae,4
1909,Xiphias,4
1910,Thysanoptera,4
1911,Terebrantia,4
1912,Thripoidea,4
1913,Thripidae,4
1914,Tissierellaceae,4
1915,Tissierella,4
1916,Vitiosangium,4
1917,unclassified Vitiosangium,4
1918,Lonchodinae,3
1919,Afrogecko,3
1920,Agarilytica,3
1921,Rhodanobacteraceae,3
1922,Megachilidae,3
1923,Megachilinae,3
1924,Algibacillus,3
1925,Algoriphagus,3
1926,Alkalicaulis,3
1927,Alteripontixanthobacter,3
1928,Phycitinae,3
1929,Amyelois,3
1930,Antarcticibacterium,3
1931,Rhagoletis,3
1932,unclassified Aquabacterium,3
1933,Aquidulcibacter,3
1934,Atta,3
1935,Actiniidae,3
1936,Actinia,3
1937,Bacillus amyloliquefaciens group,3
1938,Areolatae,3
1939,Bacilloidea,3
1940,Bacillidae,3
1941,Bacillinae,3
1942,Bacillini,3
1943,Bactrocera,3
1944,Asterinidae,3
1945,Patiria,3
1946,Blaesodactylus,3
1947,Blautia,3
1948,Ictaluridae,3
1949,Ictalurus,3
1950,Phyllopezus,3
1951,Sciaridae,3
1952,Bradysia,3
1953,Pygopodidae,3
1954,Euopisthobranchia,3
1955,Aplysiida,3
1956,Aplysioidea,3
1957,Aplysiidae,3
1958,Aplysia,3
1959,Thaumarchaeota incertae sedis,3
1960,Candidatus Nitrosotenuis,3
1961,Candidatus Phycosocius,3
1962,Diapheromeridae,3
1963,Diapheromerinae,3
1964,Diapheromerini,3
1965,Caribbiopheromera,3
1966,Catellatospora,3
1967,unclassified Cellulomonas,3
1968,Epilithonimonas,3
1969,Coleodactylus,3
1970,Coriobacteriaceae,3
1971,Collinsella,3
1972,Elateroidea,3
1973,Lampyridae,3
1974,Lampyrinae,3
1975,Photinus,3
1976,Hylobates,3
1977,Dothideomycetes incertae sedis,3
1978,Conlephasma,3
1979,Chalcidoidea,3
1980,Corallincola,3
1981,Crenadactylus,3
1982,Acanthasteridae,3
1983,Acanthaster,3
1984,Danainae,3
1985,Danaini,3
1986,Danaina,3
1987,Dermacentor,3
1988,unclassified Desulfuromonas,3
1989,Ichneumonoidea,3
1990,Braconidae,3
1991,Evosea,3
1992,Eumycetozoa,3
1993,Dictyostelia,3
1994,Dictyosteliales,3
1995,Dictyosteliaceae,3
1996,Dictyostelium,3
1997,Diplodactylus,3
1998,Embleya,3
1999,Enterobacter,3
2000,Erwinia,3
2001,Erysipelotrichia,3
2002,Erysipelotrichales,3
2003,Erysipelotrichaceae,3
2004,Eubacteriaceae,3
2005,Eubacterium,3
2006,Forcipulatacea,3
2007,Forcipulatida,3
2008,Asteriidae,3
2009,Asterias,3
2010,Eurydactylodes,3
2011,Euryhalocaulis,3
2012,Eudyptes,3
2013,Formicinae,3
2014,unclassified Frondihabitans,3
2015,Fulvivirgaceae,3
2016,Fulvivirga,3
2017,Gaetbulibacter,3
2018,unclassified Gaetbulibacter,3
2019,Gallaecimonas,3
2020,Geckolepis,3
2021,Geobacteraceae,3
2022,Geothermobacter,3
2023,Hahellaceae,3
2024,Homopholis,3
2025,Hydrocarboniphaga,3
2026,unclassified Hyphobacterium,3
2027,Hyphomonas,3
2028,unclassified Hyphomonas,3
2029,Tardigrada,3
2030,Eutardigrada,3
2031,Parachela,3
2032,Hypsibiidae,3
2033,Hypsibius,3
2034,Ketobacter,3
2035,unclassified Kordia,3
2036,Kroppenstedtia,3
2037,unclassified Kytococcus,3
2038,Marinilabiliales,3
2039,Cyanobacteria,3
2040,Synechococcales,3
2041,Leptolyngbyaceae,3
2042,Leptolyngbya,3
2043,Leucothrix,3
2044,Levyella,3
2045,Marinilactibacillus,3
2046,Marinobacterium,3
2047,Hyphomicrobiaceae,3
2048,Maritalea,3
2049,Matoatoa,3
2050,Mesoflavibacter,3
2051,Methylosarcina,3
2052,Vigna,3
2053,Naultinus,3
2054,Neohirasea,3
2055,Nephrurus,3
2056,Rhacodactylus,3
2057,Rhodobacterales,3
2058,Rhodobacteraceae,3
2059,Okibacterium,3
2060,Oligoflexia,3
2061,Oligoflexales,3
2062,Faviina,3
2063,Merulinidae,3
2064,Orbicella,3
2065,Orraya,3
2066,Lucasium,3
2067,Parvibaculum,3
2068,unclassified Phenylobacterium,3
2069,Leotiomycetes,3
2070,Phragmatopoma,3
2071,Monotremata,3
2072,Ornithorhynchidae,3
2073,Ornithorhynchus,3
2074,Plesiocystis,3
2075,Polycladomyces,3
2076,unclassified Polycladomyces,3
2077,Ponticaulis,3
2078,Crotalus,3
2079,Rhodocyclales,3
2080,Arachnia,3
2081,Pyruvatibacter,3
2082,Fagales,3
2083,Fagaceae,3
2084,Quercus,3
2085,Chenopodioideae,3
2086,unclassified Ramlibacter,3
2087,Woodworthia,3
2088,Pygocentrus,3
2089,Rhizobiaceae,3
2090,Rhizobium/Agrobacterium group,3
2091,Rhizobium,3
2092,unclassified Robertkochia,3
2093,Aristelliger,3
2094,unclassified Salegentibacter,3
2095,unclassified Salinimicrobium,3
2096,Sandaracinaceae,3
2097,Sandaracinus,3
2098,Saurodactylus,3
2099,Segetibacter,3
2100,Sinimarinibacterium,3
2101,unclassified Sinimarinibacterium,3
2102,Sporolactobacillaceae,3
2103,Sinobaca,3
2104,Nitidulidae,3
2105,Nitidulinae,3
2106,Aethina,3
2107,Brachyura,3
2108,Eubrachyura,3
2109,Majoidea,3
2110,Majidae,3
2111,Chionoecetes,3
2112,Channichthyidae,3
2113,Pseudochaenichthys,3
2114,Spongiivirga,3
2115,Mycalesina,3
2116,Bicyclus,3
2117,Chondrostei,3
2118,Acipenseriformes,3
2119,Acipenseridae,3
2120,Acipenser,3
2121,Terricaulis,3
2122,Theileriidae,3
2123,Theileria,3
2124,unclassified Thermoactinomyces,3
2125,Sphingidae,3
2126,Sphinginae,3
2127,Sphingini,3
2128,Manduca,3
2129,Reduviidae,3
2130,Triatominae,3
2131,Triatoma,3
2132,Liliales,3
2133,Liliaceae,3
2134,Lilium,3
2135,Uvidicolus,3
2136,Nymphalinae,3
2137,Vanessa,3
2138,Phlebobranchia,3
2139,Cionidae,3
2140,Ciona,3
2141,Vulgatibacteraceae,3
2142,Vulgatibacter,3
2143,Rhynchoedura,3
2144,Frankliniella,3
2145,Phytoseioidea,3
2146,Phytoseiidae,3
2147,Typhlodrominae,3
2148,Galendromus,3
2149,Woodsholea,3
2150,Taeniopygia,3
2151,Acanthomenexenus,2
2152,Rhodospirillales,2
2153,Acetobacteraceae,2
2154,Acidipropionibacterium,2
2155,Actinoplanes,2
2156,Aequorivita,2
2157,unclassified Aerococcus,2
2158,Aeromicrobium,2
2159,Aeromonadales,2
2160,Aeromonadaceae,2
2161,Hemitheconyx,2
2162,Anaerolineae,2
2163,Ahniella,2
2164,Alcaligenaceae,2
2165,Alcaligenes,2
2166,Megachile,2
2167,Nomiinae,2
2168,Nomia,2
2169,Acunomia,2
2170,Rosales,2
2171,Rosaceae,2
2172,unclassified Apibacter,2
2173,Aquirufa,2
2174,unclassified Archangium,2
2175,Arcticibacterium,2
2176,Dolichoderinae,2
2177,Linepithema,2
2178,Asaccus,2
2179,Aedini,2
2180,Aedes,2
2181,Stegomyia,2
2182,Apis,2
2183,Quedenfeldtia,2
2184,Aureivirga,2
2185,Scorpiones,2
2186,Buthida,2
2187,Buthoidea,2
2188,Buthidae,2
2189,Hologalegina,2
2190,IRL clade,2
2191,Bartonellaceae,2
2192,Bartonella,2
2193,Cynipoidea,2
2194,Cynipidae,2
2195,Cynipinae,2
2196,Cynipini,2
2197,Belonocnema,2
2198,Brucellaceae,2
2199,Brucella,2
2200,pseudomallei group,2
2201,Buttiauxella,2
2202,Pieridae,2
2203,Pierinae,2
2204,Pieris,2
2205,Caldicoprobacteraceae,2
2206,Caldicoprobacter,2
2207,Zalophus,2
2208,Candidatus Phaeomarinobacter,2
2209,Planctomycetes,2
2210,Thiodictyon,2
2211,Dothideomycetidae,2
2212,Mycosphaerellaceae,2
2213,Cercospora,2
2214,unclassified Phycodnaviridae,2
2215,Magnoliidae,2
2216,Laurales,2
2217,Lauraceae,2
2218,Cinnamomum,2
2219,Citrobacter virus DK2017,2
2220,Citrobacter virus Sazh,2
2221,Anabantidae,2
2222,Anabas,2
2223,Acanthoxylini,2
2224,Clitarchus,2
2225,Gentianales,2
2226,Rubiaceae,2
2227,Ixoroideae,2
2228,Gardenieae complex,2
2229,Bertiereae - Coffeeae clade,2
2230,Coffeeae,2
2231,Coffea,2
2232,Coleonyx,2
2233,Sordariomycetes,2
2234,Hypocreomycetidae,2
2235,campanulids,2
2236,Asterales,2
2237,Asteraceae,2
2238,Asteroideae,2
2239,Heliantheae alliance,2
2240,Heliantheae,2
2241,Helianthus,2
2242,Echinidae,2
2243,Paracentrotus,2
2244,Coniosporium,2
2245,Encyrtidae,2
2246,Encyrtinae,2
2247,Copidosoma,2
2248,Croceitalea,2
2249,Crocinitomicaceae,2
2250,Homonota,2
2251,Dermatophilus,2
2252,Desulfobulbaceae,2
2253,Desulfoluna,2
2254,Desulfovibrionales,2
2255,Desulfovibrionaceae,2
2256,Desulfovibrio,2
2257,Syntrophomonadaceae,2
2258,Dethiobacter,2
2259,Opiinae,2
2260,Microsporidia,2
2261,Dictyocoela,2
2262,Poales,2
2263,Poaceae,2
2264,Lamiales,2
2265,Rousettus,2
2266,Endozoicomonadaceae,2
2267,Endozoicomonas,2
2268,Enterocloster,2
2269,unclassified Enterovibrio,2
2270,Erysipelothrix,2
2271,Eudoraea,2
2272,Eufriesea,2
2273,Anguilliformes,2
2274,Anguillidae,2
2275,Anguilla,2
2276,Roseivirgaceae,2
2277,Roseivirga,2
2278,Flavicella,2
2279,Flavilitoribacter,2
2280,Flectobacillus,2
2281,Camponotus,2
2282,Basidiomycota,2
2283,Agaricomycotina,2
2284,Agaricomycetes,2
2285,unclassified Geothermobacter,2
2286,Capra,2
2287,Goniurosaurus,2
2288,Granulosicoccaceae,2
2289,Granulosicoccus,2
2290,Podicipediformes,2
2291,Podicipedidae,2
2292,Podiceps,2
2293,Galleriinae,2
2294,Galleria,2
2295,Cryptophyceae,2
2296,Pyrenomonadales,2
2297,Geminigeraceae,2
2298,Guillardia,2
2299,Gulosibacter,2
2300,unclassified Gulosibacter,2
2301,Gynuella,2
2302,Habropoda,2
2303,Hahella,2
2304,unclassified Haliangium,2
2305,Haloarchaeobius,2
2306,Halorubraceae,2
2307,Pyuridae,2
2308,Halocynthia,2
2309,Haloechinothrix,2
2310,Haloplanus,2
2311,Halorussus,2
2312,unclassified Halorussus,2
2313,unclassified Haloterrigena,2
2314,Hathewaya,2
2315,Gammaridea,2
2316,Lysianassoidea,2
2317,Lysianassidae,2
2318,Hirondellea,2
2319,vectors,2
2320,Ideonella,2
2321,unclassified Ideonella,2
2322,Janthinobacterium,2
2323,Jiulongibacter,2
2324,Labedella,2
2325,Labilitrichaceae,2
2326,Labilithrix,2
2327,unclassified Lacibacter,2
2328,unclassified Lacinutrix,2
2329,Lacisediminihabitans,2
2330,Lentilactobacillus,2
2331,Lepidoblepharis,2
2332,Leptobacterium,2
2333,Pleosporomycetidae,2
2334,Pleosporales,2
2335,Pleosporineae,2
2336,Leptosphaeriaceae,2
2337,Leptosphaeria,2
2338,Leptosphaeria maculans species complex,2
2339,Cyclopteridae,2
2340,Cyclopterus,2
2341,unclassified Lysinimonas,2
2342,Macrococcus,2
2343,Mammaliicoccus,2
2344,Imitervirales,2
2345,Mimiviridae,2
2346,Melaminivora,2
2347,unclassified Melaminivora,2
2348,Methanococcaceae,2
2349,Methanococcus,2
2350,Methylocaldum,2
2351,Microcella,2
2352,Moheibacter,2
2353,Monosiga,2
2354,unclassified Moritella,2
2355,Myceligenerans,2
2356,Mycetocola,2
2357,Tenericutes,2
2358,Mollicutes,2
2359,Mycoplasmataceae,2
2360,Mycoplasma,2
2361,Natrinema,2
2362,Natronorubrum,2
2363,Necroscia,2
2364,Silphidae,2
2365,Nicrophorinae,2
2366,Nicrophorus,2
2367,Pycnogonida,2
2368,Pantopoda,2
2369,Nymphon,2
2370,Ochrovirga,2
2371,Oleibacter,2
2372,Pantoea agglomerans group,2
2373,Paraclostridium,2
2374,Paraliobacillus,2
2375,Parvibaculaceae,2
2376,unclassified Pedobacter,2
2377,Perlucidibaca,2
2378,Persicitalea,2
2379,Monomorium,2
2380,Helotiales,2
2381,Pleionea,2
2382,Pontibacter,2
2383,unclassified Pontibacter,2
2384,Steroidobacteraceae,2
2385,Prolixibacteraceae,2
2386,Prolixibacter,2
2387,unclassified Prolixibacter,2
2388,Rhodocyclaceae,2
2389,Propionivibrio,2
2390,Pseudenhygromyxa,2
2391,Pseudobacteriovoracaceae,2
2392,Pseudobacteriovorax,2
2393,unclassified Pseudomonas fluorescens group,2
2394,Pseudoxanthomonas,2
2395,unclassified Pseudoxanthomonas,2
2396,Psychrobacillus,2
2397,Psychroflexus,2
2398,Psychromonas,2
2399,Psychroserpens,2
2400,Ptyodactylus,2
2401,unclassified Pyrococcus,2
2402,Atripliceae,2
2403,Chenopodium,2
2404,unclassified Rattus,2
2405,Tenthredinoidea,2
2406,Diprionidae,2
2407,Diprioninae,2
2408,Neodiprion,2
2409,Reichenbachiellaceae,2
2410,Reichenbachiella,2
2411,unclassified Reinekea,2
2412,unclassified Rhizomicrobium,2
2413,Mucoromycota,2
2414,Glomeromycotina,2
2415,Glomeromycetes,2
2416,Glomerales,2
2417,Glomeraceae,2
2418,Rhizophagus,2
2419,Maniolina,2
2420,Maniola,2
2421,Aphantopus,2
2422,unclassified Robiginitalea,2
2423,Rudanella,2
2424,Ruegeria,2
2425,Salpingoeca,2
2426,Saonia,2
2427,Sedimentibacter,2
2428,unclassified Sediminicola,2
2429,unclassified Segetibacter,2
2430,Seonamhaeicola,2
2431,Ovis,2
2432,Sinocyclocheilus,2
2433,Sphaerodactylus,2
2434,unclassified Spirosoma,2
2435,Negativicutes,2
2436,Selenomonadales,2
2437,Sporomusaceae,2
2438,Sporomusa,2
2439,Stagnimonas,2
2440,Stenotrophobium,2
2441,Metamonada,2
2442,Styelidae,2
2443,Styela,2
2444,Cecidomyiidae,2
2445,Contarinia,2
2446,Hydrozoa,2
2447,Hydroidolina,2
2448,Anthoathecata,2
2449,Aplanulata,2
2450,Hydridae,2
2451,Hydra,2
2452,Thermoanaerobacterales Family III. Incertae Sedis,2
2453,Syntrophaceticus,2
2454,Tamlana,2
2455,Tepidibacillus,2
2456,Tepidicaulis,2
2457,unclassified Terribacillus,2
2458,Thermochromatium,2
2459,Thioalkalivibrio,2
2460,unclassified Thioalkalivibrio,2
2461,Thiocystis,2
2462,Tineoidea,2
2463,Tineidae,2
2464,Tineinae,2
2465,Tineola,2
2466,Discoba,2
2467,Euglenozoa,2
2468,Kinetoplastea,2
2469,Metakinetoplastina,2
2470,Trypanosomatida,2
2471,Trypanosomatidae,2
2472,Trypanosoma,2
2473,Schizotrypanum,2
2474,Comamonas,2
2475,Wenzhouxiangellaceae,2
2476,Wenzhouxiangella,2
2477,Galerucinae,2
2478,Diabroticina,2
2479,Diabroticites,2
2480,Diabrotica,2
2481,Geometroidea,2
2482,Geometridae,2
2483,Larentiinae,2
2484,Operophtera,2
2485,Xylanimicrobium,2
2486,unclassified Xylanimicrobium,2
2487,Acetobacter,1
2488,unclassified Acetobacteraceae,1
2489,Achromatium,1
2490,Acidobacteria,1
2491,Erebidae,1
2492,Hypeninae,1
2493,Acidon,1
2494,Actinocrispum,1
2495,unclassified Actinoplanes,1
2496,Aeluroscalabotinae,1
2497,Aeluroscalabotes,1
2498,unclassified Aeromicrobium,1
2499,Aeromonas,1
2500,Aestuariimicrobium,1
2501,Arecaceae,1
2502,Arecoideae,1
2503,Cocoseae,1
2504,Elaeidinae,1
2505,Elaeis,1
2506,Agaribacterium,1
2507,Aggregatilineales,1
2508,Aggregatilineaceae,1
2509,Aggregatilinea,1
2510,Aliikangiella,1
2511,unclassified Aliikangiella,1
2512,Alkalibacterium,1
2513,Alkaliphilus,1
2514,Allocatelliglobosispora,1
2515,Amygdaloideae,1
2516,Amygdaleae,1
2517,Prunus,1
2518,Altererythrobacter,1
2519,Neobatrachia,1
2520,Ranoidea,1
2521,Ranidae,1
2522,Lithobates,1
2523,Amnimonas,1
2524,Amphritea,1
2525,unclassified Amphritea,1
2526,Amycolatopsis,1
2527,Anaerocolumna,1
2528,unclassified Anaerocolumna,1
2529,Anaerolineales,1
2530,Anaerolineaceae,1
2531,Anaerolinea,1
2532,unclassified Anaerolinea,1
2533,Aneurinibacillus group,1
2534,Aneurinibacillus,1
2535,Aquiflexum,1
2536,unclassified Aquiflexum,1
2537,Arcanobacterium,1
2538,Arcobacter,1
2539,unclassified Asaccus,1
2540,Cerambycidae,1
2541,Lamiinae,1
2542,Lamiini,1
2543,Anoplophora,1
2544,Aurantibacter,1
2545,Aureicoccus,1
2546,unclassified Aureivirga,1
2547,Caudata,1
2548,Salamandroidea,1
2549,Ambystomatidae,1
2550,Ambystoma,1
2551,Bacillus cereus group,1
2552,Rubrobacteria,1
2553,Rubrobacterales,1
2554,Baekduiaceae,1
2555,Baekduia,1
2556,Baia,1
2557,Centruroides,1
2558,Trifolieae,1
2559,Medicago,1
2560,Belliella,1
2561,Bermanella,1
2562,Betoideae,1
2563,Beta,1
2564,Geodermatophilales,1
2565,Geodermatophilaceae,1
2566,Blastococcus,1
2567,Bowmanella,1
2568,unclassified Brevibacillus,1
2569,Paradelma,1
2570,Buchnera,1
2571,Caenimonas,1
2572,unclassified Caenimonas,1
2573,Candidatus Bathyarchaeota,1
2574,Nitrospinae/Tectomicrobia group,1
2575,Candidatus Tectomicrobia,1
2576,Candidatus Entotheonella,1
2577,Candidatus Magnetomorum,1
2578,unclassified Candidatus Magnetomorum,1
2579,unclassified Candidatus Nitrosocosmicus,1
2580,Candidatus Nitrosomarinus,1
2581,unclassified Candidatus Nitrosotenuis,1
2582,Providencia,1
2583,Candidatus Reidiella,1
2584,Candidatus Brocadiae,1
2585,Candidatus Brocadiales,1
2586,Candidatus Brocadiaceae,1
2587,Candidatus Scalindua,1
2588,Riboviria,1
2589,Orthornavirae,1
2590,Negarnaviricota,1
2591,Haploviricotina,1
2592,Monjiviricetes,1
2593,Mononegavirales,1
2594,Paramyxoviridae,1
2595,Orthoparamyxovirinae,1
2596,Morbillivirus,1
2597,Malpighiales,1
2598,Euphorbiaceae,1
2599,Acalyphoideae,1
2600,Acalypheae,1
2601,Ricinus,1
2602,Capnodiales,1
2603,Mycosphaerellales,1
2604,Cesiribacteraceae,1
2605,Cesiribacter,1
2606,Changchengzhania,1
2607,Chatogekko,1
2608,Chiayiivirga,1
2609,Cicereae,1
2610,Cicer,1
2611,Garthia,1
2612,unclassified Chitinophaga,1
2613,Chlorophyta,1
2614,Trebouxiophyceae,1
2615,Chlorellales,1
2616,Chlorellaceae,1
2617,Chlorella,1
2618,Chromobacteriaceae,1
2619,Chromobacterium,1
2620,Phasmatini,1
2621,Cigarrophasma,1
2622,unclassified Tlsvirus,1
2623,Clariidae,1
2624,Clarias,1
2625,Dorylinae,1
2626,Ooceraea,1
2627,Glomerellales,1
2628,Glomerellaceae,1
2629,Colletotrichum,1
2630,Colletotrichum acutatum species complex,1
2631,unclassified Collinsella,1
2632,Isopoda,1
2633,Oniscidea,1
2634,Crinocheta,1
2635,Armadillidiidae,1
2636,Armadillidium,1
2637,Vombatidae,1
2638,Vombatus,1
2639,Companilactobacillus,1
2640,Congregibacter,1
2641,Corynebacteriaceae,1
2642,Corynebacterium,1
2643,unclassified Cricetulus,1
2644,unclassified Croceivirga,1
2645,Crocinitomix,1
2646,Cryomorphaceae,1
2647,Cryomorpha,1
2648,Cupriavidus,1
2649,Cyphomyrmex,1
2650,Deferrisoma,1
2651,Delma,1
2652,Desnuesiella,1
2653,Desulfobacter,1
2654,Desulfobulbus,1
2655,Desulfopila,1
2656,Desulfuribacillus,1
2657,Diachasma,1
2658,Dietziaceae,1
2659,Dietzia,1
2660,Ponerinae,1
2661,Ponerini,1
2662,Dinoponera,1
2663,BOP clade,1
2664,Pooideae,1
2665,Triticodae,1
2666,Triticeae,1
2667,Hordeinae,1
2668,Hordeum,1
2669,Gesneriaceae,1
2670,Didymocarpoideae,1
2671,Trichosporeae,1
2672,Loxocarpinae,1
2673,Dorcoceras,1
2674,Dorea,1
2675,Dyadobacter,1
2676,Ebenavia,1
2677,Elizabethkingia,1
2678,unclassified Endozoicomonas,1
2679,Eublepharis,1
2680,Exilibacterium,1
2681,unclassified Fabibacter,1
2682,Leuciscidae,1
2683,Pogonichthyinae,1
2684,Pimephales,1
2685,Ferrimonadaceae,1
2686,Ferrimonas,1
2687,Fistulobalanus,1
2688,Flagellimonas,1
2689,Flavimarina,1
2690,unclassified Flavimarina,1
2691,Terebrantes,1
2692,Fopius,1
2693,Rosoideae,1
2694,Potentilleae,1
2695,Fragariinae,1
2696,Fragaria,1
2697,unclassified Fulvivirga,1
2698,Polyporales,1
2699,Polyporaceae,1
2700,Ganoderma,1
2701,Gelidibacter,1
2702,Orbales,1
2703,Orbaceae,1
2704,Gilliamella,1
2705,Glaciecola,1
2706,unclassified Glaciecola,1
2707,Gorillibacterium,1
2708,Gracilibacillus,1
2709,unclassified Gracilibacillus,1
2710,Syngnathus,1
2711,unclassified Hahella,1
2712,Haladaptatus,1
2713,unclassified Haladaptatus,1
2714,Haliea,1
2715,Halobacterium,1
2716,Halobellus,1
2717,Candidatus Halobonum,1
2718,unclassified Haloechinothrix,1
2719,Halogeometricum,1
2720,unclassified Halogeometricum,1
2721,Haloimpatiens,1
2722,Halomicrobium,1
2723,Halorientalis,1
2724,unclassified Halorientalis,1
2725,Halorubrum,1
2726,unclassified Halorubrum,1
2727,Halosimplex,1
2728,unclassified Halosimplex,1
2729,Nudiviridae,1
2730,Betanudivirus,1
2731,Hepatocystis,1
2732,unclassified Hepatocystis,1
2733,Holodactylus,1
2734,Labyrinthulomycetes,1
2735,Thraustochytriaceae,1
2736,Hondaea,1
2737,Dermanyssoidea,1
2738,Varroidae,1
2739,Varroa,1
2740,Muscoidea,1
2741,Muscidae,1
2742,Musca,1
2743,Hyalomminae,1
2744,Hyalomma,1
2745,Aquificae,1
2746,Aquificales,1
2747,Aquificaceae,1
2748,Hydrogenivirga,1
2749,unclassified Hydrogenivirga,1
2750,unclassified Hyunsoonleella,1
2751,Crenarchaeota,1
2752,Thermoprotei,1
2753,Desulfurococcales,1
2754,Desulfurococcaceae,1
2755,Ignicoccus,1
2756,Imtechella,1
2757,Mesozoa,1
2758,Orthonectida,1
2759,Rhopaluridae,1
2760,Intoshia,1
2761,unclassified Janibacter,1
2762,Pteromalidae,1
2763,Pteromalinae,1
2764,Nasonia,1
2765,Kangiella,1
2766,Kriegella,1
2767,Labedaea,1
2768,Marinifilaceae,1
2769,Labilibaculum,1
2770,Lacerta,1
2771,Lactococcus,1
2772,Lamprocystis,1
2773,Lamprotornis,1
2774,Centrarchiformes,1
2775,Centrarchoidei,1
2776,Centrarchidae,1
2777,Micropterus,1
2778,Leadbetterella,1
2779,Viperinae,1
2780,Eristicophis,1
2781,Leeuwenhoekiella,1
2782,unclassified Lepidoblepharis,1
2783,Spirochaetes,1
2784,Leptospirales,1
2785,Leptospiraceae,1
2786,Leptospira,1
2787,Levilactobacillus,1
2788,Litorilituus,1
2789,Litorivivens,1
2790,Lama,1
2791,Miridae,1
2792,Mirini,1
2793,Lygus,1
2794,Lysobacter,1
2795,Notechis,1
2796,Malonomonas,1
2797,Manduria,1
2798,unclassified Marinicauda,1
2799,Clitumnini,1
2800,Medauroidea,1
2801,Mesobuthus,1
2802,Mediterraneibacter,1
2803,Halictinae,1
2804,Augochlorini,1
2805,Megalopta,1
2806,Melghirimyces,1
2807,Melipona,1
2808,Melittangium,1
2809,Methanofervidicoccus,1
2810,unclassified Methanofervidicoccus,1
2811,Methylobacteriaceae,1
2812,Methylobacterium,1
2813,unclassified Methylocaldum,1
2814,Methylothermaceae,1
2815,Microlunatus,1
2816,Microgastrinae,1
2817,Microplitis,1
2818,unclassified Mimiviridae,1
2819,unclassified Moheibacter,1
2820,Motilibacterales,1
2821,Motilibacteraceae,1
2822,Motilibacter,1
2823,Alteromonadales genera incertae sedis,1
2824,Motilimonas,1
2825,Motiliproteus,1
2826,unclassified Motiliproteus,1
2827,Curculionidae,1
2828,Scolytinae,1
2829,Dendroctonus,1
2830,Fundulidae,1
2831,Fundulus,1
2832,unclassified Muriicola,1
2833,unclassified Mycobacterium,1
2834,Mycolicibacterium,1
2835,unclassified Myroides,1
2836,Septifer,1
2837,unclassified Mytilus,1
2838,Rhoptropella,1
2839,Narudasia,1
2840,Natronomonas,1
2841,Neiella,1
2842,unclassified Neiella,1
2843,Neptunicella,1
2844,Nevskia,1
2845,Nylanderia,1
2846,Oceanibium,1
2847,unclassified Oceanobacillus,1
2848,Oceanococcus,1
2849,Oerskovia,1
2850,unclassified Oerskovia,1
2851,Oligoflexaceae,1
2852,Oligoflexus,1
2853,Daculus,1
2854,Hypocreales,1
2855,Ophiocordycipitaceae,1
2856,Ophiocordyceps,1
2857,Trematoda,1
2858,Digenea,1
2859,Opisthorchiida,1
2860,Opisthorchiata,1
2861,Opisthorchiidae,1
2862,Opisthorchis,1
2863,Ornithinibacter,1
2864,Orussoidea,1
2865,Orussidae,1
2866,Orussus,1
2867,Osmia,1
2868,Paludibacteraceae,1
2869,Paludibacter,1
2870,Agaricomycetidae,1
2871,Agaricales,1
2872,Bolbitiaceae,1
2873,Panaeolus,1
2874,Acromyrmex,1
2875,PACMAD clade,1
2876,Panicoideae,1
2877,Panicodae,1
2878,Paniceae,1
2879,Panicinae,1
2880,Panicum,1
2881,Panicum sect. Panicum,1
2882,unclassified Pantoea,1
2883,Caricaceae,1
2884,Carica,1
2885,unclassified Papio,1
2886,Paraflavitalea,1
2887,Parahaliea,1
2888,Paraperlucidibaca,1
2889,Paraphotobacterium,1
2890,Parolsenella,1
2891,Patulibacteraceae,1
2892,Patulibacter,1
2893,Paucibacter,1
2894,Paucimonas,1
2895,Oceanospirillales incertae sedis,1
2896,Pelagibaculum,1
2897,Penicillium,1
2898,Penicillium chrysogenum species complex,1
2899,Peptoniphilus,1
2900,Perkinsozoa,1
2901,Perkinsea,1
2902,Perkinsida,1
2903,Perkinsidae,1
2904,Perkinsus,1
2905,Asparagales,1
2906,Orchidaceae,1
2907,Epidendroideae,1
2908,Vandeae,1
2909,Aeridinae,1
2910,Phalaenopsis,1
2911,Mollisiaceae,1
2912,Phialocephala,1
2913,Phoenicibacter,1
2914,unclassified Photobacterium,1
2915,Photorhabdus,1
2916,Cajanus,1
2917,Piscinibacter,1
2918,Planifilum,1
2919,Mycetozoa,1
2920,Protosteliales,1
2921,Cavosteliaceae,1
2922,Planoprotostelium,1
2923,Pletholax,1
2924,Polaromonas,1
2925,Polycyclovorans,1
2926,Povalibacter,1
2927,Prauserella,1
2928,Prevotellaceae,1
2929,Prevotella,1
2930,Pricia,1
2931,Pristurus,1
2932,Promicromonospora,1
2933,Propionimicrobium,1
2934,Pseudactinotalea,1
2935,unclassified Pseudactinotalea,1
2936,Leotiomycetes incertae sedis,1
2937,Pseudeurotiaceae,1
2938,Pseudogymnoascus,1
2939,unclassified Pseudogymnoascus,1
2940,Pseudomaricurvus,1
2941,unclassified Pseudomonas,1
2942,Pseudoteredinibacter,1
2943,Putridiphycobacter,1
2944,Tenebrionidae,1
2945,Tenebrionidae incertae sedis,1
2946,Tribolium,1
2947,Pitheciidae,1
2948,Callicebinae,1
2949,Plecturocebus,1
2950,Rhodoglobus,1
2951,Planctomycetia,1
2952,Pirellulales,1
2953,Pirellulaceae,1
2954,Rhodopirellula,1
2955,Riemerella,1
2956,Nematolebias,1
2957,Grampus,1
2958,Labeo,1
2959,Rubrivivax,1
2960,unclassified Rubrivivax,1
2961,Rufibacter,1
2962,Ruminococcaceae,1
2963,Ruminococcus,1
2964,Rutstroemiaceae,1
2965,Rutstroemia,1
2966,Saccharophagus,1
2967,unclassified Saccharophagus,1
2968,Saccharospirillum,1
2969,Proteales,1
2970,Nelumbonaceae,1
2971,Nelumbo,1
2972,Delphinus,1
2973,Salinarchaeum,1
2974,unclassified Salinarchaeum,1
2975,Salinibius,1
2976,unclassified Salinisphaera,1
2977,Cestoda,1
2978,Eucestoda,1
2979,Diphyllobothriidea,1
2980,Diphyllobothriidae,1
2981,Schistocephalus,1
2982,Scrofimicrobium,1
2983,Cyclostomata,1
2984,Hyperoartia,1
2985,Petromyzontiformes,1
2986,Petromyzontidae,1
2987,Petromyzon,1
2988,unclassified Sedimentibacter,1
2989,Flammeovirgaceae,1
2990,Sediminitomix,1
2991,Lycopodiopsida,1
2992,Selaginellales,1
2993,Selaginellaceae,1
2994,Selaginella,1
2995,Decapodiformes,1
2996,Sepiida,1
2997,Sepiina,1
2998,Sepiidae,1
2999,Sepia,1
3000,Serratia symbiotica,1
3001,Pedaliaceae,1
3002,Sesamum,1
3003,Shigella,1
3004,Astacidea,1
3005,Astacoidea,1
3006,Astacidae,1
3007,Pacifastacus,1
3008,Simiduia,1
3009,Zoopagomycota,1
3010,Kickxellomycotina,1
3011,Harpellales,1
3012,Legeriomycetaceae,1
3013,Smittium,1
3014,unclassified Solimonas,1
3015,Parargina,1
3016,Pararge,1
3017,Sphingobacterium,1
3018,Sphingomonadaceae,1
3019,Sphingobium,1
3020,Anserineae,1
3021,Spinacia,1
3022,Stenotrophomonas,1
3023,Stenotrophomonas maltophilia group,1
3024,Steroidobacter,1
3025,Preaxostyla,1
3026,Oxymonadida,1
3027,Streblomastigidae,1
3028,Streblomastix,1
3029,Streptacidiphilus,1
3030,Fusobacteria,1
3031,Fusobacteriales,1
3032,Leptotrichiaceae,1
3033,Streptobacillus,1
3034,Stenella,1
3035,Moronidae,1
3036,Morone,1
3037,Scinciformata,1
3038,Scincidae,1
3039,Egerniinae,1
3040,Tiliqua,1
3041,Subsaximicrobium,1
3042,Myrtaceae,1
3043,Myrtoideae,1
3044,Syzygieae,1
3045,Syzygium,1
3046,Tamilnaduibacter,1
3047,Dasyuromorphia,1
3048,Dasyuridae,1
3049,Sarcophilus,1
3050,Diopsoidea,1
3051,Diopsidae,1
3052,Teleopsis,1
3053,unclassified Tepidicaulis,1
3054,unclassified Thalassolituus,1
3055,Thalassomonas,1
3056,Batrachoidaria,1
3057,Batrachoididae,1
3058,Thalassophryne,1
3059,Thermobrachium,1
3060,Candidatus Thermoplasmatota,1
3061,Thermoplasmata,1
3062,unclassified Thermoplasmata,1
3063,Thiofilaceae,1
3064,Thiofilum,1
3065,Chromatiales incertae sedis,1
3066,Thiohalobacter,1
3067,Thiohalomonas,1
3068,Piscirickettsiaceae,1
3069,Thiomicrorhabdus,1
3070,Thiorhodococcus,1
3071,Thrips,1
3072,Parabasalia,1
3073,Trichomonadida,1
3074,Trichomonadidae,1
3075,Trichomonas,1
3076,Celastrales,1
3077,Celastraceae,1
3078,Tripterygium,1
3079,Alicyclobacillaceae,1
3080,Tumebacillus,1
3081,Ulvibacter,1
3082,Winkia,1
3083,Underwoodisaurus,1
3084,Urechidicola,1
3085,Varibaculum,1
3086,Venturiales,1
3087,Venturiaceae,1
3088,Venturia,1
3089,Vibrio diabolicus subgroup,1
3090,Vollenhovia,1
3091,Benincasa,1
3092,Weissella,1
3093,Cephoidea,1
3094,Cephidae,1
3095,Cephus,1
3096,genistoids sensu lato,1
3097,core genistoids,1
3098,Genisteae,1
3099,Lupinus,1
3100,Xylanibacterium,1
3101,Dipodascaceae,1
3102,Yarrowia,1
3103,Zeaxanthinibacter,1
3104,Zobellella,1
3105,Zobellia,1
3106,unclassified Zobellia,1
3107,Zoogloeaceae,1
3108,Zoogloea,1
3109,unclassified Zoogloea,1
3110,Zooshikella,1
